ID_F5_parent,seed_count_germinated,seed_count_total,has_fungi,has_strong_fungi,dormtest_start,dormtest_end,group,run,Notes,seed_count_total_with_black_seeds
34-1,1,67,0,0,2025-05-13,2025-05-20,1,1,,67
487-12,0,na,1,0,2025-05-13,2025-05-20,1,1,,na
450-3,0,na,0,0,2025-05-13,2025-05-20,1,1,,na
462-3,0,na,0,0,2025-05-13,2025-05-20,1,1,,na
173-8,0,na,1,0,2025-05-13,2025-05-20,1,1,,na
409-4,0,na,1,0,2025-05-13,2025-05-20,1,1,,na
451-1,0,na,0,0,2025-05-13,2025-05-20,1,1,,na
34-6,0,na,1,0,2025-05-13,2025-05-20,1,1,,na
104-10,0,na,0,0,2025-05-13,2025-05-20,1,1,,na
35-8,0,na,1,0,2025-05-13,2025-05-20,1,1,,na
264-2,0,na,1,0,2025-05-13,2025-05-20,1,1,,na
441-1,0,na,0,0,2025-05-13,2025-05-20,1,1,,na
191-6,6,52,1,0,2025-05-13,2025-05-20,1,1,,52
183-17,0,na,0,0,2025-05-13,2025-05-20,1,1,,na
34-15,0,na,0,0,2025-05-13,2025-05-20,1,1,,na
469-2,0,na,1,0,2025-05-13,2025-05-20,1,1,,na
206-3,0,na,1,0,2025-05-13,2025-05-20,1,1,,na
448-4,0,na,0,0,2025-05-13,2025-05-20,1,1,,na
471-4,3,117,0,0,2025-05-13,2025-05-20,1,1,,117
466-1,0,na,0,0,2025-05-13,2025-05-20,1,1,,na
114-4,2,24,0,0,2025-05-13,2025-05-20,1,1,,24
429-1,0,na,1,0,2025-05-13,2025-05-20,1,1,,na
233-19,1,58,0,0,2025-05-13,2025-05-20,1,1,,58
484-21,0,na,0,0,2025-05-13,2025-05-20,1,1,,na
35-17,0,na,1,0,2025-05-13,2025-05-20,1,1,,na
45-7,0,na,0,0,2025-05-13,2025-05-20,1,1,,na
456-2,0,na,1,0,2025-05-13,2025-05-20,1,1,,na
424-2,0,na,1,0,2025-05-13,2025-05-20,1,1,,na
258-18,0,na,1,0,2025-05-13,2025-05-20,1,1,,na
1-1,0,na,0,0,2025-05-13,2025-05-20,1,1,,na
213-3,0,na,0,0,2025-05-13,2025-05-20,1,1,,na
361-3,0,na,0,0,2025-05-13,2025-05-20,1,1,,na
409-15,10,69,0,0,2025-05-13,2025-05-20,1,1,,69
113-1,0,na,1,0,2025-05-13,2025-05-20,1,1,,na
482-12,1,141,0,0,2025-05-13,2025-05-20,1,1,,141
7-2,5,87,1,0,2025-05-13,2025-05-20,1,1,,88
105-3,0,na,0,0,2025-05-13,2025-05-20,1,1,,na
206-1,0,na,1,0,2025-05-13,2025-05-20,1,1,,na
241-2,0,na,0,0,2025-05-13,2025-05-20,1,1,,na
476-7,0,na,0,0,2025-05-13,2025-05-20,1,1,,na
489-17,0,na,1,0,2025-05-13,2025-05-20,1,1,,na
1-12,0,na,0,0,2025-05-13,2025-05-20,1,1,,na
483-13,1,92,1,0,2025-05-13,2025-05-20,1,1,,95
472-3,0,na,1,0,2025-05-13,2025-05-20,1,1,,na
438-7,4,97,0,0,2025-05-13,2025-05-20,1,1,,97
441-4,0,na,1,0,2025-05-13,2025-05-20,1,1,,na
347-3,0,na,1,0,2025-05-13,2025-05-20,1,1,,na
29-2,0,na,0,0,2025-05-13,2025-05-20,1,1,,na
438-4,0,na,0,0,2025-05-13,2025-05-20,1,1,,na
471-7,1,75,0,0,2025-05-13,2025-05-20,1,1,,75
348-1,0,na,0,0,2025-05-13,2025-05-20,1,1,,na
184-6,1,80,1,0,2025-05-13,2025-05-20,1,1,,81
458-3,0,na,0,0,2025-05-13,2025-05-20,1,1,,na
479-1,0,na,0,0,2025-05-13,2025-05-20,1,1,,na
438-2,1,152,1,0,2025-05-13,2025-05-20,1,1,,154
471-3,0,na,0,0,2025-05-13,2025-05-20,1,1,,na
433-4,13,136,1,0,2025-05-13,2025-05-20,1,1,,144
24-8,0,na,1,0,2025-05-13,2025-05-20,1,1,,na
213-5,0,na,0,0,2025-05-13,2025-05-20,1,1,,na
468-12,0,na,0,0,2025-05-13,2025-05-20,1,1,,na
183-4,0,na,1,0,2025-05-13,2025-05-20,1,1,,na
233-7,0,na,0,0,2025-05-13,2025-05-20,1,1,,na
27-5,0,na,0,0,2025-05-13,2025-05-20,1,1,,na
27-12,2,120,0,0,2025-05-13,2025-05-20,1,1,,120
344-1,25,54,1,0,2025-05-13,2025-05-20,1,1,,56
384-10,0,na,0,0,2025-05-13,2025-05-20,1,1,,na
466-4,0,na,0,0,2025-05-13,2025-05-20,1,1,,na
27-6,0,na,0,0,2025-05-13,2025-05-20,1,1,,na
475-1,0,na,0,0,2025-05-13,2025-05-20,1,1,,na
361-1,0,na,0,0,2025-05-13,2025-05-20,1,1,,na
263-8,0,na,0,0,2025-05-13,2025-05-20,1,1,,na
258-20,0,na,0,0,2025-05-13,2025-05-20,1,1,,na
255-4,0,na,1,0,2025-05-13,2025-05-20,1,1,,na
359-5,0,na,1,0,2025-05-13,2025-05-20,1,1,,na
478-14,0,na,1,0,2025-05-13,2025-05-20,1,1,,na
191-8,0,na,1,0,2025-05-13,2025-05-20,1,1,,na
267-17,0,na,0,0,2025-05-13,2025-05-20,1,1,,na
7-7,0,na,1,0,2025-05-13,2025-05-20,1,1,,na
489-19,0,na,0,0,2025-05-13,2025-05-20,1,1,,na
488-16,0,na,0,0,2025-05-13,2025-05-20,1,1,,na
469-4,1,123,0,0,2025-05-13,2025-05-20,1,1,,123
480-7,0,na,1,0,2025-05-13,2025-05-20,1,1,,na
494-3,1,142,0,0,2025-05-13,2025-05-20,1,1,,142
41-15,0,na,0,0,2025-05-13,2025-05-20,1,1,,na
439-13,0,na,0,0,2025-05-13,2025-05-20,1,1,,na
342-18,1,130,1,0,2025-05-13,2025-05-20,1,1,,133
19-5,0,na,0,0,2025-05-13,2025-05-20,1,1,,na
267-7,0,na,1,0,2025-05-13,2025-05-20,1,1,,na
450-2,0,na,1,0,2025-05-13,2025-05-20,1,1,,na
357-13,0,na,1,0,2025-05-13,2025-05-20,1,1,,na
491-9,0,na,0,0,2025-05-13,2025-05-20,1,1,,na
29-6,0,na,1,0,2025-05-13,2025-05-20,1,1,,na
122-18,1,79,0,0,2025-05-13,2025-05-20,1,1,,79
47-5,0,na,1,0,2025-05-13,2025-05-20,1,1,,na
451-4,0,na,0,0,2025-05-13,2025-05-20,1,1,,na
450-1,0,na,1,0,2025-05-13,2025-05-20,1,1,,na
472-2,0,na,0,0,2025-05-13,2025-05-20,1,1,,na
345-14,0,na,0,0,2025-05-13,2025-05-20,1,1,,na
167-3,0,na,0,0,2025-05-13,2025-05-20,1,1,,na
406-14,0,na,1,0,2025-05-13,2025-05-20,1,1,,na
468-5,0,na,0,0,2025-05-13,2025-05-20,1,1,,na
206-2,0,na,0,0,2025-05-13,2025-05-20,1,1,,na
169-4,2,97,1,0,2025-05-13,2025-05-20,1,1,,103
483-7,8,77,1,0,2025-05-13,2025-05-20,1,1,,81
444-2,0,na,1,0,2025-05-13,2025-05-20,1,1,,na
454-9,0,na,0,0,2025-05-13,2025-05-20,1,1,,na
494-18,0,na,0,0,2025-05-13,2025-05-20,1,1,,na
474-15,1,91,0,0,2025-05-13,2025-05-20,1,1,,91
168-10,0,na,0,0,2025-05-14,2025-05-21,2,1,,na
348-12,0,na,0,0,2025-05-14,2025-05-21,2,1,,na
405-6,0,na,0,0,2025-05-14,2025-05-21,2,1,,na
480-11,0,na,0,0,2025-05-14,2025-05-21,2,1,,na
452-9,0,na,0,0,2025-05-14,2025-05-21,2,1,,na
35-5,0,na,0,0,2025-05-14,2025-05-21,2,1,,na
447-9,0,na,0,0,2025-05-14,2025-05-21,2,1,,na
182-1,0,na,0,0,2025-05-14,2025-05-21,2,1,,na
159-6,1,50,0,0,2025-05-14,2025-05-21,2,1,,50
203-3,0,na,0,0,2025-05-14,2025-05-21,2,1,,na
102-11,0,na,0,0,2025-05-14,2025-05-21,2,1,,na
104-17,0,na,0,0,2025-05-14,2025-05-21,2,1,,na
408-4,0,na,0,0,2025-05-14,2025-05-21,2,1,,na
347-8,1,55,0,0,2025-05-14,2025-05-21,2,1,,55
47-17,0,na,0,0,2025-05-14,2025-05-21,2,1,,na
357-4,0,na,0,0,2025-05-14,2025-05-21,2,1,,na
265-19,0,na,0,0,2025-05-14,2025-05-21,2,1,,na
255-3,0,na,0,0,2025-05-14,2025-05-21,2,1,,na
258-3,0,na,0,0,2025-05-14,2025-05-21,2,1,,na
453-2,0,na,0,0,2025-05-14,2025-05-21,2,1,,na
120-1,0,na,0,0,2025-05-14,2025-05-21,2,1,,na
344-19,0,na,0,0,2025-05-14,2025-05-21,2,1,,na
405-17,0,na,0,0,2025-05-14,2025-05-21,2,1,,na
106-2,0,na,0,0,2025-05-14,2025-05-21,2,1,,na
408-2,0,na,0,0,2025-05-14,2025-05-21,2,1,,na
1-7,0,na,0,0,2025-05-14,2025-05-21,2,1,,na
49-5,0,na,0,0,2025-05-14,2025-05-21,2,1,,na
449-4,0,na,0,0,2025-05-14,2025-05-21,2,1,,na
172-12,1,39,0,0,2025-05-14,2025-05-21,2,1,,39
34-5,0,na,0,0,2025-05-14,2025-05-21,2,1,,na
165-8,0,na,0,0,2025-05-14,2025-05-21,2,1,,na
1-10,0,na,0,0,2025-05-14,2025-05-21,2,1,,na
428-17,0,na,1,0,2025-05-14,2025-05-21,2,1,,na
424-3,0,na,0,0,2025-05-14,2025-05-21,2,1,,na
359-4,0,na,0,0,2025-05-14,2025-05-21,2,1,,na
428-2,0,na,1,0,2025-05-14,2025-05-21,2,1,,na
406-9,0,na,0,0,2025-05-14,2025-05-21,2,1,,na
456-5,0,na,0,0,2025-05-14,2025-05-21,2,1,,na
456-4,0,na,0,0,2025-05-14,2025-05-21,2,1,,na
45-6,0,na,1,0,2025-05-14,2025-05-21,2,1,,na
233-17,0,na,1,0,2025-05-14,2025-05-21,2,1,,na
122-14,0,na,1,0,2025-05-14,2025-05-21,2,1,,na
342-8,0,na,0,0,2025-05-14,2025-05-21,2,1,,na
179-4,0,na,0,0,2025-05-14,2025-05-21,2,1,,na
167-1,0,na,0,0,2025-05-14,2025-05-21,2,1,,na
122-13,0,na,0,0,2025-05-14,2025-05-21,2,1,,na
310-13,1,79,0,0,2025-05-14,2025-05-21,2,1,,79
173-7,0,na,0,0,2025-05-14,2025-05-21,2,1,,na
438-8,0,na,0,0,2025-05-14,2025-05-21,2,1,,na
444-1,0,na,0,0,2025-05-14,2025-05-21,2,1,,na
19-3,0,na,0,0,2025-05-14,2025-05-21,2,1,,na
102-12,0,na,0,0,2025-05-14,2025-05-21,2,1,,na
384-14,0,na,0,0,2025-05-14,2025-05-21,2,1,,na
466-2,0,na,0,0,2025-05-14,2025-05-21,2,1,,na
344-2,0,na,0,0,2025-05-14,2025-05-21,2,1,,na
49-17,0,na,0,0,2025-05-14,2025-05-21,2,1,,na
104-7,0,na,0,0,2025-05-14,2025-05-21,2,1,,na
481-6,0,na,0,0,2025-05-14,2025-05-21,2,1,,na
180-10,1,77,1,0,2025-05-14,2025-05-21,2,1,,79
41-8,0,na,1,0,2025-05-14,2025-05-21,2,1,,na
345-5,0,na,0,0,2025-05-14,2025-05-21,2,1,,na
462-2,0,na,1,0,2025-05-14,2025-05-21,2,1,,na
265-16,1,57,0,0,2025-05-14,2025-05-21,2,1,,57
8-15,0,na,0,0,2025-05-14,2025-05-21,2,1,,na
478-15,0,na,0,0,2025-05-14,2025-05-21,2,1,,na
191-4,0,na,0,0,2025-05-14,2025-05-21,2,1,,na
187-5,1,64,0,0,2025-05-14,2025-05-21,2,1,,64
177-16,1,23,0,0,2025-05-14,2025-05-21,2,1,,23
347-16,0,na,1,0,2025-05-14,2025-05-21,2,1,,na
267-19,1,80,0,0,2025-05-14,2025-05-21,2,1,,80
184-16,0,na,0,0,2025-05-14,2025-05-21,2,1,,na
184-8,0,na,0,0,2025-05-14,2025-05-21,2,1,,na
203-7,1,51,0,0,2025-05-14,2025-05-21,2,1,,51
479-17,2,33,1,0,2025-05-14,2025-05-21,2,1,,33
169-6,0,na,0,0,2025-05-14,2025-05-21,2,1,,na
41-9,0,na,0,0,2025-05-14,2025-05-21,2,1,,na
448-6,0,na,0,0,2025-05-14,2025-05-21,2,1,,na
232-18,0,na,0,0,2025-05-14,2025-05-21,2,1,,na
264-11,0,na,0,0,2025-05-14,2025-05-21,2,1,,na
463-10,0,na,1,0,2025-05-14,2025-05-21,2,1,,na
458-1,0,na,0,0,2025-05-14,2025-05-21,2,1,,na
454-6,1,114,1,0,2025-05-14,2025-05-21,2,1,,115
478-17,0,na,0,0,2025-05-14,2025-05-21,2,1,,na
19-1,0,na,0,0,2025-05-14,2025-05-21,2,1,,na
282-2,1,95,0,0,2025-05-14,2025-05-21,2,1,,95
407-8,0,na,0,0,2025-05-14,2025-05-21,2,1,,na
179-2,0,na,1,0,2025-05-14,2025-05-21,2,1,,na
94-4,0,na,0,0,2025-05-14,2025-05-21,2,1,,na
476-6,0,na,0,0,2025-05-14,2025-05-21,2,1,,na
483-6,0,na,0,0,2025-05-14,2025-05-21,2,1,,na
450-4,0,na,0,0,2025-05-14,2025-05-21,2,1,,na
213-2,0,na,0,0,2025-05-14,2025-05-21,2,1,,na
102-2,0,na,0,0,2025-05-14,2025-05-21,2,1,,na
24-11,0,na,0,0,2025-05-14,2025-05-21,2,1,,na
310-11,0,na,1,0,2025-05-14,2025-05-21,2,1,,na
241-7,1,78,0,0,2025-05-14,2025-05-21,2,1,,78
165-4,0,na,0,0,2025-05-14,2025-05-21,2,1,,na
449-9,0,na,0,0,2025-05-14,2025-05-21,2,1,,na
179-3,0,na,0,0,2025-05-14,2025-05-21,2,1,,na
169-5,0,na,0,0,2025-05-14,2025-05-21,2,1,,na
173-6,0,na,0,0,2025-05-14,2025-05-21,2,1,,na
105-6,0,na,0,0,2025-05-14,2025-05-21,2,1,,na
168-11,1,35,0,0,2025-05-14,2025-05-21,2,1,,35
346-20,0,na,0,0,2025-05-14,2025-05-21,2,1,,na
346-10,0,na,0,0,2025-05-14,2025-05-21,2,1,,na
183-15,0,na,0,0,2025-05-14,2025-05-21,2,1,,na
7-3,1,17,0,0,2025-05-14,2025-05-21,2,1,,17
463-8,2,44,1,0,2025-05-14,2025-05-21,2,1,,44
47-12,0,na,1,0,2025-05-14,2025-05-21,2,1,,na
24-7,0,na,1,0,2025-05-14,2025-05-21,2,1,,na
447-6,0,na,1,0,2025-05-14,2025-05-21,2,1,,na
405-10,0,na,0,0,2025-05-14,2025-05-21,2,1,,na
41-1,0,na,0,0,2025-05-15,2025-05-22,3,1,,na
255-1,0,na,0,0,2025-05-15,2025-05-22,3,1,,na
182-3,0,na,0,0,2025-05-15,2025-05-22,3,1,,na
106-4,0,na,0,0,2025-05-15,2025-05-22,3,1,,na
475-4,0,na,0,0,2025-05-15,2025-05-22,3,1,,na
476-2,0,na,1,0,2025-05-15,2025-05-22,3,1,,na
310-7,0,na,0,0,2025-05-15,2025-05-22,3,1,,na
488-5,2,73,0,0,2025-05-15,2025-05-22,3,1,,73
463-2,0,na,0,0,2025-05-15,2025-05-22,3,1,,na
172-15,0,na,0,0,2025-05-15,2025-05-22,3,1,"changed from 172-19 to 172-15, misinput",na
165-17,0,na,1,0,2025-05-15,2025-05-22,3,1,,na
468-6,1,68,0,0,2025-05-15,2025-05-22,3,1,,68
474-4,0,na,0,0,2025-05-15,2025-05-22,3,1,,na
187-6,0,na,1,0,2025-05-15,2025-05-22,3,1,,na
180-6,0,na,0,0,2025-05-15,2025-05-22,3,1,,na
484-16,0,na,0,0,2025-05-15,2025-05-22,3,1,,na
477-14,1,132,1,0,2025-05-15,2025-05-22,3,1,,142
441-3,0,na,0,0,2025-05-15,2025-05-22,3,1,,na
452-1,0,na,1,0,2025-05-15,2025-05-22,3,1,,na
453-11,0,na,0,0,2025-05-15,2025-05-22,3,1,,na
451-7,0,na,0,0,2025-05-15,2025-05-22,3,1,,na
203-9,0,na,1,0,2025-05-15,2025-05-22,3,1,,na
439-4,0,na,0,0,2025-05-15,2025-05-22,3,1,,na
167-2,0,na,0,0,2025-05-15,2025-05-22,3,1,,na
482-11,1,70,1,0,2025-05-15,2025-05-22,3,1,,70
469-3,0,na,1,0,2025-05-15,2025-05-22,3,1,,na
203-5,0,na,0,0,2025-05-15,2025-05-22,3,1,,na
453-15,0,na,0,0,2025-05-15,2025-05-22,3,1,,na
486-1,0,na,1,0,2025-05-15,2025-05-22,3,1,,na
487-2,2,100,0,0,2025-05-15,2025-05-22,3,1,,100
491-14,0,na,1,0,2025-05-15,2025-05-22,3,1,,na
459-3,3,100,1,0,2025-05-15,2025-05-22,3,1,,101
45-4,12,101,0,0,2025-05-15,2025-05-22,3,1,,101
29-5,0,na,0,0,2025-05-15,2025-05-22,3,1,,na
241-1,0,na,0,0,2025-05-15,2025-05-22,3,1,,na
232-14,0,na,0,0,2025-05-15,2025-05-22,3,1,,na
487-7,0,na,1,0,2025-05-15,2025-05-22,3,1,,na
173-13,0,na,0,0,2025-05-15,2025-05-22,3,1,,na
458-9,1,99,1,0,2025-05-15,2025-05-22,3,1,,104
486-11,0,na,1,0,2025-05-15,2025-05-22,3,1,,na
476-4,0,na,1,0,2025-05-15,2025-05-22,3,1,,na
474-14,0,na,1,0,2025-05-15,2025-05-22,3,1,,na
172-3,0,na,1,0,2025-05-15,2025-05-22,3,1,,na
439-1,0,na,1,0,2025-05-15,2025-05-22,3,1,,na
159-10,0,na,0,0,2025-05-15,2025-05-22,3,1,,na
472-16,0,na,0,0,2025-05-15,2025-05-22,3,1,,na
282-4,1,4,1,1,2025-05-15,2025-05-22,3,1,stronger fungi contamination,46
481-14,24,na,1,1,2025-05-15,2025-05-22,3,1,strong fungi contamination (DSCF8935.JPG),132
241-6,0,na,1,0,2025-05-15,2025-05-22,3,1,,na
263-4,2,90,1,0,2025-05-15,2025-05-22,3,1,,90
346-7,0,na,0,0,2025-05-15,2025-05-22,3,1,,na
255-6,0,na,0,0,2025-05-15,2025-05-22,3,1,,na
8-9,1,28,0,0,2025-05-15,2025-05-22,3,1,,28
361-5,1,119,0,0,2025-05-15,2025-05-22,3,1,,119
345-11,0,na,0,0,2025-05-15,2025-05-22,3,1,,na
458-4,0,na,0,0,2025-05-15,2025-05-22,3,1,,na
282-19,0,na,0,0,2025-05-15,2025-05-22,3,1,,na
477-6,0,na,1,0,2025-05-15,2025-05-22,3,1,,na
105-10,0,na,1,0,2025-05-15,2025-05-22,3,1,,na
488-18,0,na,1,0,2025-05-15,2025-05-22,3,1,,na
481-4,0,na,0,0,2025-05-15,2025-05-22,3,1,,na
477-3,0,na,1,0,2025-05-15,2025-05-22,3,1,,na
113-8,0,na,0,0,2025-05-15,2025-05-22,3,1,,na
479-11,0,na,0,0,2025-05-15,2025-05-22,3,1,,na
359-8,0,na,0,0,2025-05-15,2025-05-22,3,1,,na
486-15,0,na,0,0,2025-05-15,2025-05-22,3,1,,na
342-10,1,115,0,0,2025-05-15,2025-05-22,3,1,,115
433-13,22,115,0,0,2025-05-15,2025-05-22,3,1,,115
462-1,0,na,0,0,2025-05-15,2025-05-22,3,1,,na
489-10,1,144,0,0,2025-05-15,2025-05-22,3,1,,144
424-4,0,na,1,0,2025-05-15,2025-05-22,3,1,,na
407-17,8,123,0,0,2025-05-15,2025-05-22,3,1,,123
479-2,0,na,0,0,2025-05-15,2025-05-22,3,1,,na
206-4,0,na,0,0,2025-05-15,2025-05-22,3,1,,na
8-14,1,79,0,0,2025-05-15,2025-05-22,3,1,,79
433-15,1,102,0,0,2025-05-15,2025-05-22,3,1,,102
452-7,0,na,0,0,2025-05-15,2025-05-22,3,1,,na
459-9,1,141,0,0,2025-05-15,2025-05-22,3,1,,141
489-13,0,na,0,0,2025-05-15,2025-05-22,3,1,,na
384-6,0,na,0,0,2025-05-15,2025-05-22,3,1,,na
479-6,1,87,0,0,2025-05-15,2025-05-22,3,1,,87
94-1,4,84,0,0,2025-05-15,2025-05-22,3,1,,84
444-3,1,108,0,0,2025-05-15,2025-05-22,3,1,,108
113-7,0,na,0,0,2025-05-15,2025-05-22,3,1,,na
475-5,0,na,1,0,2025-05-15,2025-05-22,3,1,,na
408-10,0,na,0,0,2025-05-15,2025-05-22,3,1,,na
428-7,0,na,0,0,2025-05-15,2025-05-22,3,1,,na
482-15,0,na,0,0,2025-05-15,2025-05-22,3,1,,na
454-2,0,na,0,0,2025-05-15,2025-05-22,3,1,,na
120-4,1,45,0,0,2025-05-15,2025-05-22,3,1,,45
177-4,2,29,0,0,2025-05-15,2025-05-22,3,1,,29
263-6,0,na,0,0,2025-05-15,2025-05-22,3,1,,na
187-4,0,na,0,0,2025-05-15,2025-05-22,3,1,,na
407-1,0,na,1,0,2025-05-15,2025-05-22,3,1,,na
406-6,12,18,1,0,2025-05-15,2025-05-22,3,1,,18
357-11,0,na,1,0,2025-05-15,2025-05-22,3,1,,na
265-10,0,na,0,0,2025-05-15,2025-05-22,3,1,,na
106-3,0,na,0,0,2025-05-15,2025-05-22,3,1,,na
491-17,1,11,1,0,2025-05-15,2025-05-22,3,1,,11
486-9,0,na,0,0,2025-05-15,2025-05-22,3,1,,na
264-8,1,78,1,0,2025-05-15,2025-05-22,3,1,,78
348-6,1,30,0,0,2025-05-15,2025-05-22,3,1,,30
459-2,0,na,0,0,2025-05-15,2025-05-22,3,1,,na
105-12,1,71,0,0,2025-05-15,2025-05-22,3,1,,71
494-2,0,na,0,0,2025-05-15,2025-05-22,3,1,,na
486-12,1,60,0,0,2025-05-15,2025-05-22,3,1,,60
429-4,23,59,0,0,2025-05-15,2025-05-22,3,1,,59
168-14,0,na,0,0,2025-05-16,2025-05-23,4,1,,na
169-12,0,na,0,0,2025-05-16,2025-05-23,4,1,,na
120-2,0,na,0,0,2025-05-16,2025-05-23,4,1,,na
348-14,8,47,0,0,2025-05-16,2025-05-23,4,1,,47
429-5,4,na,1,1,2025-05-16,2025-05-23,4,1,strong fungi contamination,76
161-4,2,68,1,0,2025-05-16,2025-05-23,4,1,,72
448-7,0,na,0,0,2025-05-16,2025-05-23,4,1,,na
182-4,4,20,0,0,2025-05-16,2025-05-23,4,1,,20
161-2,1,18,0,0,2025-05-16,2025-05-23,4,1,,18
462-5,0,na,0,0,2025-05-16,2025-05-23,4,1,,na
177-10,0,na,1,0,2025-05-16,2025-05-23,4,1,,na
480-5,0,na,1,0,2025-05-16,2025-05-23,4,1,,na
114-2,1,36,1,0,2025-05-16,2025-05-23,4,1,,44
180-4,9,10,0,0,2025-05-16,2025-05-23,4,1,,10
114-3,0,na,0,0,2025-05-16,2025-05-23,4,1,,na
94-3,2,50,0,0,2025-05-16,2025-05-23,4,1,,50
409-16,0,na,0,0,2025-05-16,2025-05-23,4,1,,na
232-8,0,na,0,0,2025-05-16,2025-05-23,4,1,,na
161-3,0,na,1,0,2025-05-16,2025-05-23,4,1,,na
159-12,2,11,1,0,2025-05-16,2025-05-23,4,1,,11
471-2,1,10,0,0,2025-05-16,2025-05-23,4,1,,10
487-6,5,71,0,0,2025-05-16,2025-05-23,4,1,,71
439-13,1,48,0,0,2025-06-03,2025-06-10,1,2,,48
258-20,0,na,0,0,2025-06-03,2025-06-10,1,2,,na
482-12,1,45,0,0,2025-06-03,2025-06-10,1,2,,45
27-6,1,43,0,0,2025-06-03,2025-06-10,1,2,,43
480-7,0,na,0,0,2025-06-03,2025-06-10,1,2,,na
450-1,0,na,0,0,2025-06-03,2025-06-10,1,2,,na
233-19,5,36,0,0,2025-06-03,2025-06-10,1,2,,36
113-1,0,na,0,0,2025-06-03,2025-06-10,1,2,,na
449-19,0,na,0,0,2025-06-03,2025-06-10,1,2,,na
494-3,0,na,0,0,2025-06-03,2025-06-10,1,2,,na
41-15,0,na,0,0,2025-06-03,2025-06-10,1,2,,na
361-1,0,na,0,0,2025-06-03,2025-06-10,1,2,,na
357-13,0,na,0,0,2025-06-03,2025-06-10,1,2,,na
484-21,0,na,0,0,2025-06-03,2025-06-10,1,2,,na
206-1,0,na,0,0,2025-06-03,2025-06-10,1,2,,na
488-16,5,57,0,0,2025-06-03,2025-06-10,1,2,,57
491-9,8,78,0,0,2025-06-03,2025-06-10,1,2,,78
267-7,1,62,0,0,2025-06-03,2025-06-10,1,2,,62
478-14,0,na,0,0,2025-06-03,2025-06-10,1,2,,na
267-17,1,43,0,0,2025-06-03,2025-06-10,1,2,,43
472-2,3,65,0,0,2025-06-03,2025-06-10,1,2,,65
7-7,3,31,0,0,2025-06-03,2025-06-10,1,2,,31
441-4,0,na,0,0,2025-06-03,2025-06-10,1,2,,na
345-14,0,na,0,0,2025-06-03,2025-06-10,1,2,,na
474-15,2,46,0,0,2025-06-03,2025-06-10,1,2,,46
489-17,0,na,0,0,2025-06-03,2025-06-10,1,2,,na
468-12,0,na,0,0,2025-06-03,2025-06-10,1,2,,na
450-2,0,na,0,0,2025-06-03,2025-06-10,1,2,,na
458-3,0,na,0,0,2025-06-03,2025-06-10,1,2,,na
471-3,1,54,0,0,2025-06-03,2025-06-10,1,2,,54
191-8,1,42,0,0,2025-06-03,2025-06-10,1,2,,42
213-3,2,39,0,0,2025-06-03,2025-06-10,1,2,,39
167-3,6,36,0,0,2025-06-03,2025-06-10,1,2,,36
233-7,0,na,0,0,2025-06-03,2025-06-10,1,2,,na
451-1,0,na,0,0,2025-06-03,2025-06-10,1,2,,na
27-5,0,na,0,0,2025-06-03,2025-06-10,1,2,,na
191-6,5,39,0,0,2025-06-03,2025-06-10,1,2,,39
483-13,1,37,0,0,2025-06-03,2025-06-10,1,2,,37
462-3,2,34,0,0,2025-06-03,2025-06-10,1,2,,34
361-3,2,38,0,0,2025-06-03,2025-06-10,1,2,,38
348-1,0,na,0,0,2025-06-03,2025-06-10,1,2,,na
424-2,1,48,0,0,2025-06-03,2025-06-10,1,2,,48
429-1,4,33,0,0,2025-06-03,2025-06-10,1,2,,33
441-1,0,na,0,0,2025-06-03,2025-06-10,1,2,,na
476-7,0,na,0,0,2025-06-03,2025-06-10,1,2,,na
342-18,0,na,0,0,2025-06-03,2025-06-10,1,2,,na
173-8,2,37,0,0,2025-06-03,2025-06-10,1,2,,37
1-1,0,na,0,0,2025-06-03,2025-06-10,1,2,,na
344-1,17,23,0,0,2025-06-03,2025-06-10,1,2,,23
468-5,0,na,0,0,2025-06-03,2025-06-10,1,2,,na
29-6,0,na,0,0,2025-06-03,2025-06-10,1,2,,na
34-15,1,27,0,0,2025-06-03,2025-06-10,1,2,,27
456-2,0,na,0,0,2025-06-03,2025-06-10,1,2,,na
438-7,13,31,0,0,2025-06-03,2025-06-10,1,2,,31
472-3,0,na,0,0,2025-06-03,2025-06-10,1,2,,na
409-4,1,41,0,0,2025-06-03,2025-06-10,1,2,,41
438-4,1,45,0,0,2025-06-03,2025-06-10,1,2,,45
35-17,8,38,0,0,2025-06-03,2025-06-10,1,2,,38
444-2,0,na,0,0,2025-06-03,2025-06-10,1,2,,na
483-7,6,44,0,0,2025-06-03,2025-06-10,1,2,,44
475-1,0,na,0,0,2025-06-03,2025-06-10,1,2,,na
451-4,0,na,0,0,2025-06-03,2025-06-10,1,2,,na
104-10,1,38,0,0,2025-06-03,2025-06-10,1,2,,38
24-8,0,na,0,0,2025-06-03,2025-06-10,1,2,,na
183-4,0,na,0,0,2025-06-03,2025-06-10,1,2,,na
466-1,1,34,0,0,2025-06-03,2025-06-10,1,2,,34
206-3,0,na,0,0,2025-06-03,2025-06-10,1,2,,na
406-14,5,50,0,0,2025-06-03,2025-06-10,1,2,,50
263-8,0,na,0,0,2025-06-03,2025-06-10,1,2,,na
448-4,0,na,0,0,2025-06-03,2025-06-10,1,2,,na
384-10,0,na,0,0,2025-06-03,2025-06-10,1,2,,na
469-2,0,na,0,0,2025-06-03,2025-06-10,1,2,,na
454-9,0,na,0,0,2025-06-03,2025-06-10,1,2,,na
47-5,0,na,0,0,2025-06-03,2025-06-10,1,2,,na
255-4,0,na,0,0,2025-06-03,2025-06-10,1,2,,na
34-6,0,na,0,0,2025-06-03,2025-06-10,1,2,,na
7-2,4,51,0,0,2025-06-03,2025-06-10,1,2,,51
258-18,0,na,0,0,2025-06-03,2025-06-10,1,2,,na
489-19,0,na,0,0,2025-06-03,2025-06-10,1,2,,na
169-4,2,39,0,0,2025-06-03,2025-06-10,1,2,,39
359-5,0,na,0,0,2025-06-03,2025-06-10,1,2,,na
466-4,0,na,0,0,2025-06-03,2025-06-10,1,2,,na
105-3,0,na,0,0,2025-06-03,2025-06-10,1,2,,na
213-5,0,na,0,0,2025-06-03,2025-06-10,1,2,,na
241-2,1,34,0,0,2025-06-03,2025-06-10,1,2,,34
19-5,0,na,0,0,2025-06-03,2025-06-10,1,2,,na
409-15,23,48,0,0,2025-06-03,2025-06-10,1,2,,48
45-7,8,51,0,0,2025-06-03,2025-06-10,1,2,,51
438-2,4,57,0,0,2025-06-03,2025-06-10,1,2,,57
27-12,0,na,0,0,2025-06-03,2025-06-10,1,2,,na
471-7,0,na,0,0,2025-06-03,2025-06-10,1,2,,na
347-3,0,na,0,0,2025-06-03,2025-06-10,1,2,,na
479-1,0,na,0,0,2025-06-03,2025-06-10,1,2,,na
469-4,15,37,0,0,2025-06-03,2025-06-10,1,2,,37
1-12,0,na,0,0,2025-06-03,2025-06-10,1,2,,na
450-3,0,na,0,0,2025-06-03,2025-06-10,1,2,,na
34-1,1,37,0,0,2025-06-03,2025-06-10,1,2,,37
264-2,3,31,0,0,2025-06-03,2025-06-10,1,2,,31
471-4,3,28,0,0,2025-06-03,2025-06-10,1,2,,28
35-8,0,na,0,0,2025-06-03,2025-06-10,1,2,,na
114-4,0,na,0,0,2025-06-03,2025-06-10,1,2,,na
122-18,1,33,0,0,2025-06-03,2025-06-10,1,2,,33
206-2,0,na,0,0,2025-06-03,2025-06-10,1,2,,na
433-4,28,48,0,0,2025-06-03,2025-06-10,1,2,,48
184-6,0,na,0,0,2025-06-03,2025-06-10,1,2,,na
487-12,0,na,0,0,2025-06-03,2025-06-10,1,2,,na
183-17,0,na,0,0,2025-06-03,2025-06-10,1,2,,na
29-2,1,46,0,0,2025-06-03,2025-06-10,1,2,,46
448-6,0,na,0,0,2025-06-05,2025-06-12,2,2,,
407-8,1,36,0,0,2025-06-05,2025-06-12,2,2,,
438-8,0,na,0,0,2025-06-05,2025-06-12,2,2,,
104-7,1,33,0,0,2025-06-05,2025-06-12,2,2,,
35-5,1,46,0,0,2025-06-05,2025-06-12,2,2,,
466-2,0,na,0,0,2025-06-05,2025-06-12,2,2,,
191-4,0,na,0,0,2025-06-05,2025-06-12,2,2,,
106-2,0,na,0,0,2025-06-05,2025-06-12,2,2,,
173-7,0,na,0,0,2025-06-05,2025-06-12,2,2,,
406-9,2,60,0,0,2025-06-05,2025-06-12,2,2,,
187-5,0,na,0,0,2025-06-05,2025-06-12,2,2,,
122-14,0,na,0,0,2025-06-05,2025-06-12,2,2,,
454-6,2,45,0,0,2025-06-05,2025-06-12,2,2,,
7-3,2,11,0,0,2025-06-05,2025-06-12,2,2,,
258-3,0,na,0,0,2025-06-05,2025-06-12,2,2,,
481-6,1,38,0,0,2025-06-05,2025-06-12,2,2,,
449-9,0,na,0,0,2025-06-05,2025-06-12,2,2,,
428-17,0,na,0,0,2025-06-05,2025-06-12,2,2,,
342-8,1,44,0,0,2025-06-05,2025-06-12,2,2,,
463-8,1,49,0,0,2025-06-05,2025-06-12,2,2,,
310-11,0,na,0,0,2025-06-05,2025-06-12,2,2,,
479-17,10,31,0,0,2025-06-05,2025-06-12,2,2,,
449-4,0,na,0,0,2025-06-05,2025-06-12,2,2,,
453-2,0,na,0,0,2025-06-05,2025-06-12,2,2,,
19-3,0,na,0,0,2025-06-05,2025-06-12,2,2,,
265-16,0,na,0,0,2025-06-05,2025-06-12,2,2,,
169-6,2,44,0,0,2025-06-05,2025-06-12,2,2,,
179-3,0,na,0,0,2025-06-05,2025-06-12,2,2,,
177-16,10,14,0,0,2025-06-05,2025-06-12,2,2,,
345-5,2,40,0,0,2025-06-05,2025-06-12,2,2,,
494-18,0,na,0,0,2025-06-05,2025-06-12,2,2,,
173-6,0,na,0,0,2025-06-05,2025-06-12,2,2,,
203-3,3,69,0,0,2025-06-05,2025-06-12,2,2,,
24-7,0,na,0,0,2025-06-05,2025-06-12,2,2,,
47-12,0,na,0,0,2025-06-05,2025-06-12,2,2,,
1-7,0,na,0,0,2025-06-05,2025-06-12,2,2,,
19-1,0,na,0,0,2025-06-05,2025-06-12,2,2,,
168-10,1,38,0,0,2025-06-05,2025-06-12,2,2,,
463-10,0,na,0,0,2025-06-05,2025-06-12,2,2,,
102-11,0,na,0,0,2025-06-05,2025-06-12,2,2,,
203-7,0,na,0,0,2025-06-05,2025-06-12,2,2,,
310-13,1,20,0,0,2025-06-05,2025-06-12,2,2,,
408-2,0,na,0,0,2025-06-05,2025-06-12,2,2,,
180-10,1,34,0,0,2025-06-05,2025-06-12,2,2,,
476-6,2,45,0,0,2025-06-05,2025-06-12,2,2,,
483-6,0,na,0,0,2025-06-05,2025-06-12,2,2,,
49-5,0,na,0,0,2025-06-05,2025-06-12,2,2,,
182-1,1,13,0,0,2025-06-05,2025-06-12,2,2,,
102-12,0,na,0,0,2025-06-05,2025-06-12,2,2,,
105-6,0,na,0,0,2025-06-05,2025-06-12,2,2,,
456-5,0,na,0,0,2025-06-05,2025-06-12,2,2,,
104-17,1,51,0,0,2025-06-05,2025-06-12,2,2,,
49-17,1,51,0,0,2025-06-05,2025-06-12,2,2,,
184-16,0,na,0,0,2025-06-05,2025-06-12,2,2,,
462-2,4,37,0,0,2025-06-05,2025-06-12,2,2,,
169-5,3,42,0,0,2025-06-05,2025-06-12,2,2,,
241-7,3,41,0,0,2025-06-05,2025-06-12,2,2,,
346-20,0,na,0,0,2025-06-05,2025-06-12,2,2,,
447-9,0,na,0,0,2025-06-05,2025-06-12,2,2,,
359-4,0,na,0,0,2025-06-05,2025-06-12,2,2,,
232-18,0,na,0,0,2025-06-05,2025-06-12,2,2,,
456-4,0,na,0,0,2025-06-05,2025-06-12,2,2,,
94-4,6,33,0,0,2025-06-05,2025-06-12,2,2,,
458-1,0,na,0,0,2025-06-05,2025-06-12,2,2,,
179-4,0,na,0,0,2025-06-05,2025-06-12,2,2,,
347-16,0,na,0,0,2025-06-05,2025-06-12,2,2,,
344-19,0,na,0,0,2025-06-05,2025-06-12,2,2,,
165-4,2,49,0,0,2025-06-05,2025-06-12,2,2,,
348-12,0,na,0,0,2025-06-05,2025-06-12,2,2,,
165-8,0,na,0,0,2025-06-05,2025-06-12,2,2,,
447-6,0,na,0,0,2025-06-05,2025-06-12,2,2,,
168-11,3,36,0,0,2025-06-05,2025-06-12,2,2,,
344-2,1,31,1,0,2025-06-05,2025-06-12,2,2,,32
424-3,0,na,0,0,2025-06-05,2025-06-12,2,2,,
1-10,0,na,0,0,2025-06-05,2025-06-12,2,2,,
41-8,0,na,0,0,2025-06-05,2025-06-12,2,2,,
478-15,2,46,0,0,2025-06-05,2025-06-12,2,2,,
478-17,4,33,0,0,2025-06-05,2025-06-12,2,2,,
45-6,3,37,0,0,2025-06-05,2025-06-12,2,2,,
34-5,0,na,0,0,2025-06-05,2025-06-12,2,2,,
384-14,0,na,0,0,2025-06-05,2025-06-12,2,2,,
183-15,1,41,0,0,2025-06-05,2025-06-12,2,2,,
47-17,1,45,0,0,2025-06-05,2025-06-12,2,2,,
120-1,0,na,0,0,2025-06-05,2025-06-12,2,2,,
159-6,4,35,0,0,2025-06-05,2025-06-12,2,2,,
282-2,0,na,0,0,2025-06-05,2025-06-12,2,2,,
213-2,0,na,0,0,2025-06-05,2025-06-12,2,2,,
452-9,1,40,0,0,2025-06-05,2025-06-12,2,2,,
8-15,0,na,0,0,2025-06-05,2025-06-12,2,2,,
405-6,1,18,0,0,2025-06-05,2025-06-12,2,2,,
409-2,1,39,0,0,2025-06-05,2025-06-12,2,2,,
167-1,2,10,0,0,2025-06-05,2025-06-12,2,2,,
184-8,0,na,0,0,2025-06-05,2025-06-12,2,2,,
41-9,0,na,0,0,2025-06-05,2025-06-12,2,2,,
179-2,0,na,0,0,2025-06-05,2025-06-12,2,2,,
347-8,1,47,0,0,2025-06-05,2025-06-12,2,2,,
480-11,3,46,0,0,2025-06-05,2025-06-12,2,2,,
405-10,5,33,0,0,2025-06-05,2025-06-12,2,2,,
428-2,0,na,0,0,2025-06-05,2025-06-12,2,2,,
102-2,2,43,0,0,2025-06-05,2025-06-12,2,2,,
122-13,0,na,0,0,2025-06-05,2025-06-12,2,2,,
444-1,0,na,0,0,2025-06-05,2025-06-12,2,2,,
357-4,0,na,0,0,2025-06-05,2025-06-12,2,2,,
172-12,0,na,0,0,2025-06-05,2025-06-12,2,2,,
408-4,1,60,0,0,2025-06-05,2025-06-12,2,2,,
255-3,0,na,0,0,2025-06-05,2025-06-12,2,2,,
233-17,0,na,0,0,2025-06-05,2025-06-12,2,2,,
267-19,0,na,0,0,2025-06-05,2025-06-12,2,2,,
265-19,1,41,0,0,2025-06-05,2025-06-12,2,2,,
450-4,0,na,1,0,2025-06-05,2025-06-12,2,2,,
24-11,0,na,0,0,2025-06-05,2025-06-12,2,2,,
346-10,2,42,0,0,2025-06-05,2025-06-12,2,2,,
264-11,1,36,0,0,2025-06-05,2025-06-12,2,2,,
282-4,8,19,0,0,2025-06-06,2025-06-13,3,2,,
49-1,1,29,0,0,2025-06-06,2025-06-13,3,2,,
486-9,6,45,0,0,2025-06-06,2025-06-13,3,2,,
451-7,0,na,0,0,2025-06-06,2025-06-13,3,2,,
459-2,2,71,0,0,2025-06-06,2025-06-13,3,2,,
474-4,0,na,0,0,2025-06-06,2025-06-13,3,2,,
342-10,6,39,0,0,2025-06-06,2025-06-13,3,2,,
105-10,1,35,0,0,2025-06-06,2025-06-13,3,2,,
491-17,0,na,0,0,2025-06-06,2025-06-13,3,2,,
462-1,2,37,0,0,2025-06-06,2025-06-13,3,2,,
482-11,11,32,0,0,2025-06-06,2025-06-13,3,2,,
453-11,0,na,0,0,2025-06-06,2025-06-13,3,2,,
469-3,14,42,0,0,2025-06-06,2025-06-13,3,2,,
487-7,0,na,0,0,2025-06-06,2025-06-13,3,2,,
167-2,8,30,0,0,2025-06-06,2025-06-13,3,2,,
424-4,0,na,0,0,2025-06-06,2025-06-13,3,2,,
476-2,1,49,0,0,2025-06-06,2025-06-13,3,2,,
481-14,22,38,0,0,2025-06-06,2025-06-13,3,2,,
113-8,0,na,0,0,2025-06-06,2025-06-13,3,2,,
359-8,2,35,1,0,2025-06-06,2025-06-13,3,2,,
241-6,0,na,1,0,2025-06-06,2025-06-13,3,2,,
488-18,2,40,0,0,2025-06-06,2025-06-13,3,2,,
8-9,1,28,0,0,2025-06-06,2025-06-13,3,2,,
479-2,1,42,0,0,2025-06-06,2025-06-13,3,2,,
486-1,0,na,0,0,2025-06-06,2025-06-13,3,2,,
488-5,3,42,0,0,2025-06-06,2025-06-13,3,2,,
177-4,2,11,0,0,2025-06-06,2025-06-13,3,2,,
172-3,0,na,0,0,2025-06-06,2025-06-13,3,2,,
491-14,0,na,0,0,2025-06-06,2025-06-13,3,2,,
263-6,7,39,0,0,2025-06-06,2025-06-13,3,2,,
45-4,28,36,0,0,2025-06-06,2025-06-13,3,2,,
479-6,0,na,0,0,2025-06-06,2025-06-13,3,2,,
384-6,0,na,0,0,2025-06-06,2025-06-13,3,2,,
255-1,0,na,0,0,2025-06-06,2025-06-13,3,2,,
345-11,0,na,0,0,2025-06-06,2025-06-13,3,2,,
105-12,1,36,0,0,2025-06-06,2025-06-13,3,2,,
94-1,25,43,0,0,2025-06-06,2025-06-13,3,2,,
441-3,4,38,0,0,2025-06-06,2025-06-13,3,2,,
452-7,0,na,0,0,2025-06-06,2025-06-13,3,2,,
477-3,0,na,0,0,2025-06-06,2025-06-13,3,2,,
482-15,1,63,0,0,2025-06-06,2025-06-13,3,2,,
429-4,37,40,0,0,2025-06-06,2025-06-13,3,2,,
203-9,3,42,0,0,2025-06-06,2025-06-13,3,2,,
310-7,0,na,0,0,2025-06-06,2025-06-13,3,2,,
120-4,7,45,0,0,2025-06-06,2025-06-13,3,2,,
433-15,2,39,0,0,2025-06-06,2025-06-13,3,2,,
8-14,3,10,0,0,2025-06-06,2025-06-13,3,2,,
106-4,0,na,0,0,2025-06-06,2025-06-13,3,2,,
361-5,0,na,1,0,2025-06-06,2025-06-13,3,2,,
203-5,1,36,0,0,2025-06-06,2025-06-13,3,2,,
476-4,35,39,0,0,2025-06-06,2025-06-13,3,2,,
479-11,1,42,0,0,2025-06-06,2025-06-13,3,2,,
477-14,1,34,0,0,2025-06-06,2025-06-13,3,2,,
474-14,1,55,0,0,2025-06-06,2025-06-13,3,2,,
255-6,0,na,0,0,2025-06-06,2025-06-13,3,2,,
206-4,0,na,0,0,2025-06-06,2025-06-13,3,2,,
487-2,2,50,0,0,2025-06-06,2025-06-13,3,2,,
484-16,0,na,0,0,2025-06-06,2025-06-13,3,2,,
458-4,0,na,0,0,2025-06-06,2025-06-13,3,2,,
486-11,0,na,1,0,2025-06-06,2025-06-13,3,2,,
486-12,1,41,0,0,2025-06-06,2025-06-13,3,2,,
348-6,0,na,0,0,2025-06-06,2025-06-13,3,2,,
182-3,0,na,0,0,2025-06-06,2025-06-13,3,2,,
113-7,1,43,0,0,2025-06-06,2025-06-13,3,2,,
453-15,0,na,0,0,2025-06-06,2025-06-13,3,2,,
444-3,34,42,0,0,2025-06-06,2025-06-13,3,2,,
180-6,4,28,0,0,2025-06-06,2025-06-13,3,2,,
454-2,2,9,1,0,2025-06-06,2025-06-13,3,2,,10
265-10,0,na,0,0,2025-06-06,2025-06-13,3,2,,
263-4,20,40,0,0,2025-06-06,2025-06-13,3,2,,
165-17,1,43,0,0,2025-06-06,2025-06-13,3,2,,
459-3,8,39,0,0,2025-06-06,2025-06-13,3,2,,
463-2,0,na,0,0,2025-06-06,2025-06-13,3,2,,
475-4,0,na,0,0,2025-06-06,2025-06-13,3,2,,
452-1,1,34,0,0,2025-06-06,2025-06-13,3,2,,
29-5,0,na,0,0,2025-06-06,2025-06-13,3,2,,
346-7,0,na,0,0,2025-06-06,2025-06-13,3,2,,
357-11,0,na,0,0,2025-06-06,2025-06-13,3,2,,
406-6,4,10,0,0,2025-06-06,2025-06-13,3,2,,
173-13,1,39,0,0,2025-06-06,2025-06-13,3,2,,
407-17,17,36,0,0,2025-06-06,2025-06-13,3,2,,
106-3,1,33,0,0,2025-06-06,2025-06-13,3,2,,
172-15,1,38,0,0,2025-06-06,2025-06-13,3,2,,
187-6,5,18,0,0,2025-06-06,2025-06-13,3,2,,
486-15,2,35,0,0,2025-06-06,2025-06-13,3,2,,
481-4,4,27,0,0,2025-06-06,2025-06-13,3,2,,
41-1,0,na,0,0,2025-06-06,2025-06-13,3,2,,
458-9,1,38,0,0,2025-06-06,2025-06-13,3,2,,
159-10,1,22,0,0,2025-06-06,2025-06-13,3,2,,
428-7,0,na,0,0,2025-06-06,2025-06-13,3,2,,
475-5,0,na,0,0,2025-06-06,2025-06-13,3,2,,
439-1,0,na,0,0,2025-06-06,2025-06-13,3,2,,
459-9,5,37,0,0,2025-06-06,2025-06-13,3,2,,
264-8,2,40,0,0,2025-06-06,2025-06-13,3,2,,
472-16,4,34,0,0,2025-06-06,2025-06-13,3,2,,
408-10,1,36,0,0,2025-06-06,2025-06-13,3,2,,
439-4,0,na,0,0,2025-06-06,2025-06-13,3,2,,
282-19,0,na,0,0,2025-06-06,2025-06-13,3,2,,
489-13,0,na,0,0,2025-06-06,2025-06-13,3,2,,
433-13,28,44,0,0,2025-06-06,2025-06-13,3,2,,
477-6,0,na,0,0,2025-06-06,2025-06-13,3,2,,
241-1,9,33,0,0,2025-06-06,2025-06-13,3,2,,
407-1,3,25,0,0,2025-06-06,2025-06-13,3,2,,
187-4,2,24,1,0,2025-06-06,2025-06-13,3,2,,25
489-10,28,56,0,0,2025-06-06,2025-06-13,3,2,,
494-2,0,na,0,0,2025-06-06,2025-06-13,3,2,,
232-14,0,na,0,0,2025-06-06,2025-06-13,3,2,,
468-6,4,43,0,0,2025-06-06,2025-06-13,3,2,,
232-8,0,na,0,0,2025-06-06,2025-06-13,4,2,,
348-14,13,49,0,0,2025-06-06,2025-06-13,4,2,,
161-4,27,36,0,0,2025-06-06,2025-06-13,4,2,,
480-5,0,na,0,0,2025-06-06,2025-06-13,4,2,,
168-14,5,11,0,0,2025-06-06,2025-06-13,4,2,,
159-12,5,10,0,0,2025-06-06,2025-06-13,4,2,,
114-2,1,25,0,0,2025-06-06,2025-06-13,4,2,,
484-7,10,49,0,0,2025-06-06,2025-06-13,4,2,,
169-12,5,49,0,0,2025-06-06,2025-06-13,4,2,,
462-5,0,na,0,0,2025-06-06,2025-06-13,4,2,,
161-2,8,10,0,0,2025-06-06,2025-06-13,4,2,,
429-5,6,40,0,0,2025-06-06,2025-06-13,4,2,,
120-2,7,10,0,0,2025-06-06,2025-06-13,4,2,,
180-4,7,11,0,0,2025-06-06,2025-06-13,4,2,,
447-4,0,na,0,0,2025-06-06,2025-06-13,4,2,,
487-6,7,31,0,0,2025-06-06,2025-06-13,4,2,,
177-10,6,10,0,0,2025-06-06,2025-06-13,4,2,,
471-2,2,10,0,0,2025-06-06,2025-06-13,4,2,,
94-3,3,40,0,0,2025-06-06,2025-06-13,4,2,,
161-3,13,33,0,0,2025-06-06,2025-06-13,4,2,,
409-16,7,38,0,0,2025-06-06,2025-06-13,4,2,,
114-3,0,na,0,0,2025-06-06,2025-06-13,4,2,,
448-7,0,na,0,0,2025-06-06,2025-06-13,4,2,,
104-10,0,na,0,0,2025-06-23,2025-06-30,1,3,,
450-1,0,na,0,0,2025-06-23,2025-06-30,1,3,,
441-1,12,52,0,0,2025-06-23,2025-06-30,1,3,,
45-7,30,50,0,0,2025-06-23,2025-06-30,1,3,,
27-5,6,50,0,0,2025-06-23,2025-06-30,1,3,,
47-5,1,53,0,0,2025-06-23,2025-06-30,1,3,,
267-7,1,68,0,0,2025-06-23,2025-06-30,1,3,,
469-4,38,71,0,0,2025-06-23,2025-06-30,1,3,,
105-3,0,na,0,0,2025-06-23,2025-06-30,1,3,,
258-20,1,59,0,0,2025-06-23,2025-06-30,1,3,,
213-3,12,53,0,0,2025-06-23,2025-06-30,1,3,,
29-2,3,44,0,0,2025-06-23,2025-06-30,1,3,,
441-4,0,na,0,0,2025-06-23,2025-06-30,1,3,,
19-5,0,na,0,0,2025-06-23,2025-06-30,1,3,,
184-6,2,46,0,0,2025-06-23,2025-06-30,1,3,,
451-4,0,na,0,0,2025-06-23,2025-06-30,1,3,,
264-2,28,43,0,0,2025-06-23,2025-06-30,1,3,,
489-17,0,na,0,0,2025-06-23,2025-06-30,1,3,,
35-8,7,47,0,0,2025-06-23,2025-06-30,1,3,,
24-8,1,48,0,0,2025-06-23,2025-06-30,1,3,,
482-12,1,48,0,0,2025-06-23,2025-06-30,1,3,,
173-8,10,47,0,0,2025-06-23,2025-06-30,1,3,,
34-1,6,43,0,0,2025-06-23,2025-06-30,1,3,,
191-8,2,49,0,0,2025-06-23,2025-06-30,1,3,,
484-21,3,53,0,0,2025-06-23,2025-06-30,1,3,,
114-4,8,49,0,0,2025-06-23,2025-06-30,1,3,,
233-19,49,72,0,0,2025-06-23,2025-06-30,1,3,,
361-3,25,56,0,0,2025-06-23,2025-06-30,1,3,,
489-19,0,na,0,0,2025-06-23,2025-06-30,1,3,,
438-2,38,70,0,0,2025-06-23,2025-06-30,1,3,,
345-14,0,na,0,0,2025-06-23,2025-06-30,1,3,,
438-7,3,53,0,0,2025-06-23,2025-06-30,1,3,,
183-4,0,na,0,0,2025-06-23,2025-06-30,1,3,,
456-2,0,na,0,0,2025-06-23,2025-06-30,1,3,,
474-15,0,na,0,0,2025-06-23,2025-06-30,1,3,,
255-4,0,na,0,0,2025-06-23,2025-06-30,1,3,,
476-7,11,48,0,0,2025-06-23,2025-06-30,1,3,,
450-3,0,na,0,0,2025-06-23,2025-06-30,1,3,,
424-2,0,na,0,0,2025-06-23,2025-06-30,1,3,,
342-18,1,56,0,0,2025-06-23,2025-06-30,1,3,,
35-17,54,55,0,0,2025-06-23,2025-06-30,1,3,,
466-1,29,46,0,0,2025-06-23,2025-06-30,1,3,,
206-2,0,43,0,0,2025-06-23,2025-06-30,1,3,,
113-1,15,54,0,0,2025-06-23,2025-06-30,1,3,,
483-7,33,63,0,0,2025-06-23,2025-06-30,1,3,,
471-7,2,66,0,0,2025-06-23,2025-06-30,1,3,,
233-7,12,45,0,0,2025-06-23,2025-06-30,1,3,,
347-3,3,66,0,0,2025-06-23,2025-06-30,1,3,,
491-9,24,67,0,0,2025-06-23,2025-06-30,1,3,,
361-1,0,55,0,0,2025-06-23,2025-06-30,1,3,,
471-4,17,52,0,0,2025-06-23,2025-06-30,1,3,,
263-8,37,54,0,0,2025-06-23,2025-06-30,1,3,,
348-1,14,60,0,0,2025-06-23,2025-06-30,1,3,,
7-7,39,47,0,0,2025-06-23,2025-06-30,1,3,,
183-17,2,49,0,0,2025-06-23,2025-06-30,1,3,,
488-16,11,40,0,0,2025-06-23,2025-06-30,1,3,,
27-6,0,51,0,0,2025-06-23,2025-06-30,1,3,,
472-2,17,48,0,0,2025-06-23,2025-06-30,1,3,,
1-1,15,65,0,0,2025-06-23,2025-06-30,1,3,,
27-12,8,37,0,0,2025-06-23,2025-06-30,1,3,,
468-12,5,38,0,0,2025-06-23,2025-06-30,1,3,,
478-14,4,58,0,0,2025-06-23,2025-06-30,1,3,,
444-2,0,51,0,0,2025-06-23,2025-06-30,1,3,,
487-12,1,50,0,0,2025-06-23,2025-06-30,1,3,,
475-1,4,55,0,0,2025-06-23,2025-06-30,1,3,,
468-5,13,66,0,0,2025-06-23,2025-06-30,1,3,,
458-3,45,56,0,0,2025-06-23,2025-06-30,1,3,,
469-2,1,72,0,0,2025-06-23,2025-06-30,1,3,,
466-4,9,48,0,0,2025-06-23,2025-06-30,1,3,,
449-19,0,67,0,0,2025-06-23,2025-06-30,1,3,,
483-13,10,67,0,0,2025-06-23,2025-06-30,1,3,,
344-1,37,40,0,0,2025-06-23,2025-06-30,1,3,,
409-4,4,56,0,0,2025-06-23,2025-06-30,1,3,,
472-3,0,55,0,0,2025-06-23,2025-06-30,1,3,,
206-3,0,59,0,0,2025-06-23,2025-06-30,1,3,,
258-18,2,52,0,0,2025-06-23,2025-06-30,1,3,,
7-2,68,84,0,0,2025-06-23,2025-06-30,1,3,,
34-6,0,51,0,0,2025-06-23,2025-06-30,1,3,,
359-5,10,44,0,0,2025-06-23,2025-06-30,1,3,,
462-3,35,52,0,0,2025-06-23,2025-06-30,1,3,,
409-15,44,55,0,0,2025-06-23,2025-06-30,1,3,,
480-7,0,63,0,0,2025-06-23,2025-06-30,1,3,,
451-1,2,66,0,0,2025-06-23,2025-06-30,1,3,,
357-13,1,73,0,0,2025-06-23,2025-06-30,1,3,,
384-10,1,59,0,0,2025-06-23,2025-06-30,1,3,,
438-4,26,43,0,0,2025-06-23,2025-06-30,1,3,,
429-1,41,48,0,0,2025-06-23,2025-06-30,1,3,,
241-2,3,55,0,0,2025-06-23,2025-06-30,1,3,,
450-2,0,70,0,0,2025-06-23,2025-06-30,1,3,,
454-9,5,55,0,0,2025-06-23,2025-06-30,1,3,,
433-4,31,71,0,0,2025-06-23,2025-06-30,1,3,,
448-4,0,84,0,0,2025-06-23,2025-06-30,1,3,,
41-15,9,61,0,0,2025-06-23,2025-06-30,1,3,,
439-13,0,54,0,0,2025-06-23,2025-06-30,1,3,,
191-6,41,55,0,0,2025-06-23,2025-06-30,1,3,,
471-3,0,71,0,0,2025-06-23,2025-06-30,1,3,,
267-17,1,47,0,0,2025-06-23,2025-06-30,1,3,,
29-6,2,56,0,0,2025-06-23,2025-06-30,1,3,,
169-4,2,58,0,0,2025-06-23,2025-06-30,1,3,,
213-5,0,51,0,0,2025-06-23,2025-06-30,1,3,,
206-1,0,59,0,0,2025-06-23,2025-06-30,1,3,,
1-12,2,54,0,0,2025-06-23,2025-06-30,1,3,,
494-3,4,52,0,0,2025-06-23,2025-06-30,1,3,,
34-15,1,71,0,0,2025-06-23,2025-06-30,1,3,,
122-18,18,60,0,0,2025-06-23,2025-06-30,1,3,,
406-14,24,52,0,0,2025-06-23,2025-06-30,1,3,,
479-1,18,77,0,0,2025-06-23,2025-06-30,1,3,,
167-3,3,37,0,0,2025-06-23,2025-06-30,1,3,,
310-11,0,na,0,0,2025-06-26,2025-07-03,2,3,,
241-7,31,40,0,0,2025-06-26,2025-07-03,2,3,,
105-6,7,50,0,0,2025-06-26,2025-07-03,2,3,,
479-17,36,56,0,0,2025-06-26,2025-07-03,2,3,,
233-17,0,na,0,0,2025-06-26,2025-07-03,2,3,,
179-4,0,na,0,0,2025-06-26,2025-07-03,2,3,,
407-8,5,45,0,0,2025-06-26,2025-07-03,2,3,,
35-5,1,40,0,0,2025-06-26,2025-07-03,2,3,,
408-2,0,na,0,0,2025-06-26,2025-07-03,2,3,,
167-1,7,15,0,0,2025-06-26,2025-07-03,2,3,,
405-17,16,39,0,0,2025-06-26,2025-07-03,2,3,,
169-6,1,43,0,0,2025-06-26,2025-07-03,2,3,,
481-6,0,na,0,0,2025-06-26,2025-07-03,2,3,,
456-5,5,62,0,0,2025-06-26,2025-07-03,2,3,,
453-2,0,na,0,0,2025-06-26,2025-07-03,2,3,,
478-15,4,44,0,0,2025-06-26,2025-07-03,2,3,,
41-9,0,na,0,0,2025-06-26,2025-07-03,2,3,,
265-16,1,52,0,0,2025-06-26,2025-07-03,2,3,,
424-3,0,na,0,0,2025-06-26,2025-07-03,2,3,,
447-6,0,na,0,0,2025-06-26,2025-07-03,2,3,,
102-12,24,38,0,0,2025-06-26,2025-07-03,2,3,,
191-4,1,39,0,0,2025-06-26,2025-07-03,2,3,,
8-15,4,40,0,0,2025-06-26,2025-07-03,2,3,,
104-17,4,31,0,0,2025-06-26,2025-07-03,2,3,,
169-5,28,65,0,0,2025-06-26,2025-07-03,2,3,,
49-5,2,72,0,0,2025-06-26,2025-07-03,2,3,,
165-4,17,56,0,0,2025-06-26,2025-07-03,2,3,,
463-10,2,44,0,0,2025-06-26,2025-07-03,2,3,,
122-13,0,na,0,0,2025-06-26,2025-07-03,2,3,,
456-4,0,na,0,0,2025-06-26,2025-07-03,2,3,,
265-19,2,51,0,0,2025-06-26,2025-07-03,2,3,,
122-14,0,na,0,0,2025-06-26,2025-07-03,2,3,,
476-6,29,41,0,0,2025-06-26,2025-07-03,2,3,,
408-4,1,53,0,0,2025-06-26,2025-07-03,2,3,,
348-12,16,52,0,0,2025-06-26,2025-07-03,2,3,,
177-16,17,25,0,0,2025-06-26,2025-07-03,2,3,,
24-11,2,45,0,0,2025-06-26,2025-07-03,2,3,,
450-4,0,na,0,0,2025-06-26,2025-07-03,2,3,,
449-4,0,na,0,0,2025-06-26,2025-07-03,2,3,,
342-8,13,36,0,0,2025-06-26,2025-07-03,2,3,,
478-17,24,39,0,0,2025-06-26,2025-07-03,2,3,,
165-8,5,59,0,0,2025-06-26,2025-07-03,2,3,,
359-4,30,40,0,0,2025-06-26,2025-07-03,2,3,,
428-17,0,na,0,0,2025-06-26,2025-07-03,2,3,,
406-9,15,33,0,0,2025-06-26,2025-07-03,2,3,,
409-2,0,na,0,0,2025-06-26,2025-07-03,2,3,,
344-19,4,43,0,0,2025-06-26,2025-07-03,2,3,,
282-2,2,54,0,0,2025-06-26,2025-07-03,2,3,,
452-9,13,48,0,0,2025-06-26,2025-07-03,2,3,,
264-11,2,45,0,0,2025-06-26,2025-07-03,2,3,,
449-9,0,na,0,0,2025-06-26,2025-07-03,2,3,,
102-11,29,57,0,0,2025-06-26,2025-07-03,2,3,,
184-16,0,na,0,0,2025-06-26,2025-07-03,2,3,,
94-4,22,24,0,0,2025-06-26,2025-07-03,2,3,,
463-8,6,54,0,0,2025-06-26,2025-07-03,2,3,,
203-7,10,49,0,0,2025-06-26,2025-07-03,2,3,,
106-2,1,51,0,0,2025-06-26,2025-07-03,2,3,,
41-8,0,na,0,0,2025-06-26,2025-07-03,2,3,,
168-11,39,39,0,0,2025-06-26,2025-07-03,2,3,,
179-3,1,48,0,0,2025-06-26,2025-07-03,2,3,,
19-3,0,na,0,0,2025-06-26,2025-07-03,2,3,,
102-2,3,37,0,0,2025-06-26,2025-07-03,2,3,,
448-6,0,na,0,0,2025-06-26,2025-07-03,2,3,,
180-10,0,na,0,0,2025-06-26,2025-07-03,2,3,,
47-17,1,39,0,0,2025-06-26,2025-07-03,2,3,,
345-5,42,42,0,0,2025-06-26,2025-07-03,2,3,,
480-11,17,43,0,0,2025-06-26,2025-07-03,2,3,,
258-3,15,46,0,0,2025-06-26,2025-07-03,2,3,,
466-2,24,38,0,0,2025-06-26,2025-07-03,2,3,,
483-6,1,50,0,0,2025-06-26,2025-07-03,2,3,,
184-8,0,na,0,0,2025-06-26,2025-07-03,2,3,,
347-16,16,29,0,0,2025-06-26,2025-07-03,2,3,,
454-6,15,35,0,0,2025-06-26,2025-07-03,2,3,,
7-3,6,25,0,0,2025-06-26,2025-07-03,2,3,,
187-5,1,36,0,0,2025-06-26,2025-07-03,2,3,,
45-6,24,28,0,0,2025-06-26,2025-07-03,2,3,,
494-18,2,29,0,0,2025-06-26,2025-07-03,2,3,,
458-1,0,na,0,0,2025-06-26,2025-07-03,2,3,,
346-10,0,na,0,0,2025-06-26,2025-07-03,2,3,,
347-8,0,na,0,0,2025-06-26,2025-07-03,2,3,,
310-13,30,41,0,0,2025-06-26,2025-07-03,2,3,,
47-12,2,40,0,0,2025-06-26,2025-07-03,2,3,,
232-18,10,35,0,0,2025-06-26,2025-07-03,2,3,,
255-3,0,na,0,0,2025-06-26,2025-07-03,2,3,,
182-1,3,32,0,0,2025-06-26,2025-07-03,2,3,,
447-9,1,42,0,0,2025-06-26,2025-07-03,2,3,,
346-20,2,48,0,0,2025-06-26,2025-07-03,2,3,,
120-1,7,46,0,0,2025-06-26,2025-07-03,2,3,,
183-15,19,36,0,0,2025-06-26,2025-07-03,2,3,,
24-7,4,43,0,0,2025-06-26,2025-07-03,2,3,,
49-17,0,na,0,0,2025-06-26,2025-07-03,2,3,,
173-6,4,43,0,0,2025-06-26,2025-07-03,2,3,,
1-10,15,49,0,0,2025-06-26,2025-07-03,2,3,,
34-5,1,45,0,0,2025-06-26,2025-07-03,2,3,,
267-19,0,na,0,0,2025-06-26,2025-07-03,2,3,,
428-2,6,30,0,0,2025-06-26,2025-07-03,2,3,,
344-2,3,46,0,0,2025-06-26,2025-07-03,2,3,,
1-7,8,50,0,0,2025-06-26,2025-07-03,2,3,,
203-3,5,44,0,0,2025-06-26,2025-07-03,2,3,,
172-12,5,37,0,0,2025-06-26,2025-07-03,2,3,,
405-6,8,42,0,0,2025-06-26,2025-07-03,2,3,,
405-10,7,35,0,0,2025-06-26,2025-07-03,2,3,,
104-7,0,na,0,0,2025-06-26,2025-07-03,2,3,,
168-10,1,52,0,0,2025-06-26,2025-07-03,2,3,,
384-14,0,na,0,0,2025-06-26,2025-07-03,2,3,,
213-2,4,43,0,0,2025-06-26,2025-07-03,2,3,,
19-1,1,48,0,0,2025-06-26,2025-07-03,2,3,,
438-8,0,na,0,0,2025-06-26,2025-07-03,2,3,,
462-2,19,39,0,0,2025-06-26,2025-07-03,2,3,,
173-7,25,41,0,0,2025-06-26,2025-07-03,2,3,,
179-2,0,na,0,0,2025-06-26,2025-07-03,2,3,,
159-6,38,48,0,0,2025-06-26,2025-07-03,2,3,,
479-11,1,31,0,0,2025-06-27,2025-07-04,3,3,,
106-3,3,34,0,0,2025-06-27,2025-07-04,3,3,,
105-12,2,29,0,0,2025-06-27,2025-07-04,3,3,,
105-10,11,32,0,0,2025-06-27,2025-07-04,3,3,,
468-6,6,29,0,0,2025-06-27,2025-07-04,3,3,,
348-6,1,29,0,0,2025-06-27,2025-07-04,3,3,,
206-4,1,41,0,0,2025-06-27,2025-07-04,3,3,,
113-8,0,na,0,0,2025-06-27,2025-07-04,3,3,,
462-1,29,38,0,0,2025-06-27,2025-07-04,3,3,,
8-14,1,10,0,0,2025-06-27,2025-07-04,3,3,,
481-4,7,27,0,0,2025-06-27,2025-07-04,3,3,,
113-7,0,na,0,0,2025-06-27,2025-07-04,3,3,,
29-5,0,na,0,0,2025-06-27,2025-07-04,3,3,,
342-10,11,28,0,0,2025-06-27,2025-07-04,3,3,,
453-11,0,28,0,0,2025-06-27,2025-07-04,3,3,,
187-4,4,28,0,0,2025-06-27,2025-07-04,3,3,,
203-9,3,22,0,0,2025-06-27,2025-07-04,3,3,,
486-1,1,33,0,0,2025-06-27,2025-07-04,3,3,,
433-15,10,32,0,0,2025-06-27,2025-07-04,3,3,,
172-15,1,41,0,0,2025-06-27,2025-07-04,3,3,,
481-14,29,33,0,0,2025-06-27,2025-07-04,3,3,,
439-4,5,44,0,0,2025-06-27,2025-07-04,3,3,,
463-2,1,36,0,0,2025-06-27,2025-07-04,3,3,,
488-5,17,27,0,0,2025-06-27,2025-07-04,3,3,,
41-1,0,42,0,0,2025-06-27,2025-07-04,3,3,,
159-10,1,20,0,0,2025-06-27,2025-07-04,3,3,,
359-8,5,27,0,0,2025-06-27,2025-07-04,3,3,,
429-4,25,29,0,0,2025-06-27,2025-07-04,3,3,,
459-2,1,35,0,0,2025-06-27,2025-07-04,3,3,,
177-4,6,56,0,0,2025-06-27,2025-07-04,3,3,,
165-17,3,65,0,0,2025-06-27,2025-07-04,3,3,,
167-2,44,55,0,0,2025-06-27,2025-07-04,3,3,,
474-4,3,68,0,0,2025-06-27,2025-07-04,3,3,,
439-1,2,39,0,0,2025-06-27,2025-07-04,3,3,,
494-2,1,48,0,0,2025-06-27,2025-07-04,3,3,,
241-1,28,43,0,0,2025-06-27,2025-07-04,3,3,,
458-4,0,37,0,0,2025-06-27,2025-07-04,3,3,,
180-6,0,28,0,0,2025-06-27,2025-07-04,3,3,,
106-4,1,35,0,0,2025-06-27,2025-07-04,3,3,,
458-9,1,29,0,0,2025-06-27,2025-07-04,3,3,,
345-11,0,38,0,0,2025-06-27,2025-07-04,3,3,,
255-6,7,40,0,0,2025-06-27,2025-07-04,3,3,,
241-6,2,37,0,0,2025-06-27,2025-07-04,3,3,,
472-16,5,32,0,0,2025-06-27,2025-07-04,3,3,,
346-7,0,35,0,0,2025-06-27,2025-07-04,3,3,,
486-11,8,38,0,0,2025-06-27,2025-07-04,3,3,,
454-2,4,22,0,0,2025-06-27,2025-07-04,3,3,,
282-4,18,24,0,0,2025-06-27,2025-07-04,3,3,,
474-14,0,37,0,0,2025-06-27,2025-07-04,3,3,,
173-13,6,29,0,0,2025-06-27,2025-07-04,3,3,,
282-19,1,30,0,0,2025-06-27,2025-07-04,3,3,,
486-9,33,42,0,0,2025-06-27,2025-07-04,3,3,,
482-15,1,41,0,0,2025-06-27,2025-07-04,3,3,,
459-3,16,37,0,0,2025-06-27,2025-07-04,3,3,,
120-4,7,32,0,0,2025-06-27,2025-07-04,3,3,,
263-6,24,35,0,0,2025-06-27,2025-07-04,3,3,,
491-17,1,11,0,0,2025-06-27,2025-07-04,3,3,,
477-3,18,35,0,0,2025-06-27,2025-07-04,3,3,,
451-7,1,37,0,0,2025-06-27,2025-07-04,3,3,,
49-1,13,43,0,0,2025-06-27,2025-07-04,3,3,,
452-7,0,32,0,0,2025-06-27,2025-07-04,3,3,,
489-10,25,30,0,0,2025-06-27,2025-07-04,3,3,,
475-4,0,35,0,0,2025-06-27,2025-07-04,3,3,,
487-2,1,36,0,0,2025-06-27,2025-07-04,3,3,,
357-11,0,37,0,0,2025-06-27,2025-07-04,3,3,,
255-1,0,35,0,0,2025-06-27,2025-07-04,3,3,,
8-9,4,35,0,0,2025-06-27,2025-07-04,3,3,,
433-13,30,41,0,0,2025-06-27,2025-07-04,3,3,,
459-9,9,38,0,0,2025-06-27,2025-07-04,3,3,,
172-3,4,26,0,0,2025-06-27,2025-07-04,3,3,,
265-10,0,39,0,0,2025-06-27,2025-07-04,3,3,,
187-6,11,27,0,0,2025-06-27,2025-07-04,3,3,,
384-6,1,37,0,0,2025-06-27,2025-07-04,3,3,,
488-18,15,28,0,0,2025-06-27,2025-07-04,3,3,,
469-3,21,31,0,0,2025-06-27,2025-07-04,3,3,,
94-1,19,22,0,0,2025-06-27,2025-07-04,3,3,,
453-15,0,37,0,0,2025-06-27,2025-07-04,3,3,,
482-11,32,37,0,0,2025-06-27,2025-07-04,3,3,,
232-14,0,41,0,0,2025-06-27,2025-07-04,3,3,,
491-14,0,38,0,0,2025-06-27,2025-07-04,3,3,,
263-4,23,35,0,0,2025-06-27,2025-07-04,3,3,,
477-14,2,36,0,0,2025-06-27,2025-07-04,3,3,,
476-2,2,31,0,0,2025-06-27,2025-07-04,3,3,,
487-7,0,41,0,0,2025-06-27,2025-07-04,3,3,,
477-6,2,29,0,0,2025-06-27,2025-07-04,3,3,,
452-1,0,25,0,0,2025-06-27,2025-07-04,3,3,,
444-3,30,31,0,0,2025-06-27,2025-07-04,3,3,,
486-15,10,33,0,0,2025-06-27,2025-07-04,3,3,,
475-5,3,32,0,0,2025-06-27,2025-07-04,3,3,,
486-12,2,36,0,0,2025-06-27,2025-07-04,3,3,,
406-6,6,24,0,0,2025-06-27,2025-07-04,3,3,,
479-6,11,37,0,0,2025-06-27,2025-07-04,3,3,,
424-4,0,36,0,0,2025-06-27,2025-07-04,3,3,,
408-10,5,28,0,0,2025-06-27,2025-07-04,3,3,,
203-5,0,37,0,0,2025-06-27,2025-07-04,3,3,,
407-17,21,24,0,0,2025-06-27,2025-07-04,3,3,,
484-16,1,30,0,0,2025-06-27,2025-07-04,3,3,,
407-1,25,28,0,0,2025-06-27,2025-07-04,3,3,,
361-5,0,38,0,0,2025-06-27,2025-07-04,3,3,,
264-8,3,42,0,0,2025-06-27,2025-07-04,3,3,,
182-3,1,34,0,0,2025-06-27,2025-07-04,3,3,,
409-16,3,18,1,0,2025-06-27,2025-07-04,4,3,,
487-6,16,35,1,0,2025-06-27,2025-07-04,4,3,,
348-14,27,37,1,0,2025-06-27,2025-07-04,4,3,,
161-2,26,33,1,0,2025-06-27,2025-07-04,4,3,,
429-5,11,32,1,0,2025-06-27,2025-07-04,4,3,,
161-3,29,41,1,0,2025-06-27,2025-07-04,4,3,,
120-2,10,18,1,0,2025-06-27,2025-07-04,4,3,,
161-4,14,25,1,0,2025-06-27,2025-07-04,4,3,,
177-10,12,16,1,0,2025-06-27,2025-07-04,4,3,,
114-3,1,26,0,0,2025-06-27,2025-07-04,4,3,,
484-7,15,31,0,0,2025-06-27,2025-07-04,4,3,,
180-4,8,9,0,0,2025-06-27,2025-07-04,4,3,,
480-5,0,31,0,0,2025-06-27,2025-07-04,4,3,,
169-12,15,41,0,0,2025-06-27,2025-07-04,4,3,,
232-8,0,33,0,0,2025-06-27,2025-07-04,4,3,,
114-2,3,34,0,0,2025-06-27,2025-07-04,4,3,,
448-7,0,40,0,0,2025-06-27,2025-07-04,4,3,,
447-4,0,29,0,0,2025-06-27,2025-07-04,4,3,,
471-2,10,24,0,0,2025-06-27,2025-07-04,4,3,,
168-14,7,9,0,0,2025-06-27,2025-07-04,4,3,,
94-3,0,30,0,0,2025-06-27,2025-07-04,4,3,,